{
    "navigationBarTitleText": "部门分类",
    "usingComponents": {
        "van-search": "/static/vant/search/index",
        "i-notice-bar": "/static/view/notice-bar/index",
        "i-row": "/static/view/row/index",
        "i-col": "/static/view/col/index",
        "i-badge": "/static/view/badge/index",
        "i-tabs": "/static/view/tabs/index",
        "i-tab": "/static/view/tab/index",
        "i-tab-bar": "/static/view/tab-bar/index",
        "i-tab-bar-item": "/static/view/tab-bar-item/index",
        "van-popup": "/static/vant/popup/index",
        "van-icon": "/static/vant/icon/index",
        "i-icon": "/static/view/icon/index",
        "van-nav-bar": "/static/vant/nav-bar/index",
        "i-divider": "/static/view/divider/index",
        "van-action-sheet": "/static/vant/action-sheet/index",
        "van-checkbox": "/static/vant/checkbox/index",
        "van-radio": "/static/vant/radio/index",
        "van-radio-group": "/static/vant/radio-group/index",
        "van-dialog": "/static/vant/dialog/index",
        "van-divider": "/static/vant/divider/index",
        "van-collapse": "/static/vant/collapse/index",
        "van-collapse-item": "/static/vant/collapse-item/index",
        "van-field": "/static/vant/field/index",
        "van-button": "/static/vant/button/index",
        "van-circle": "/static/vant/circle/index",
        "van-cell-group": "/static/view/cell-group/index",
        "van-cell": "/static/view/cell/index"
    }
}