{
    "navigationBarTitleText": "人事档案",
    "usingComponents": {
        "van-search": "/static/vant/search/index",
        "i-notice-bar": "/static/view/notice-bar/index",
        "i-row": "/static/view/row/index",
        "i-col": "/static/view/col/index",
        "i-badge": "/static/view/badge/index",
        "i-panel": "/static/view/panel/index",
        "van-field": "/static/vant/field/index",
        "i-icon": "/static/view/icon/index",
        "i-button": "/static/view/button/index",
        "i-tabs": "/static/view/tabs/index",
        "i-tab": "/static/view/tab/index",
        "van-checkbox-group": "/static/vant/checkbox-group/index",
        "van-checkbox": "/static/vant/checkbox/index",
        "van-button": "/static/vant/button/index",
        "van-radio-group": "/static/vant/radio-group/index",
        "van-radio": "/static/vant/radio/index",
        "van-action-sheet": "/static/vant/action-sheet/index",
        "van-icon": "/static/vant/icon/index",
        "van-tab":"/static/vant/tab/index",
        "van-tabs":"/static/vant/tabs/index",
        "van-dropdown-menu":"/static/vant/dropdown-menu/index",
        "van-dropdown-item":"/static/vant/dropdown-item/index",
        "van-popup":"/static/vant/popup/index"
    }
}